"policy_no","p_id"
"836211287",1
"836211655",2
"836211875",3
"836211287",4
"836798052",5
"836798043",6
"833104473",7
"836798043",8
"835404909",9
"835410914",10
"836798043",11
"837898294",12
"835410914",13
"837898294",14
"836826151",15
"835393315",16
"836198617",18
"837898294",19
"836820106",20
"835401725",21
"836827155",22
"836820106",23
"830296473",26
"835409486",27
"836192488",29
"830296473",30
"836209877",32
"836209879",33
"836210103",36
"836794128",37
"835403284",38
"836211287",39
"830296473",40
"836209877",41
"835403421",42
"836192152",44
"824494962",45
"836828317",46
"836192152",48
"824494962",50
"836210103",52
"836828317",53
"836828313",54
"835403421",56
"836828263",57
"836828313",59
"834213283",60
"836211287",61
"836828313",64
"836211655",65
"836211875",66
"836798043",68
"836820106",69
"836211875",71
"836798052",72
"836828263",75
"836209877",76
"836210103",78
"835410914",79
"836211875",80
"835403421",81
"836192152",82
"836828263",85
"836828317",86
"836211287",90
"836798043",91
"836828263",94
"836820106",95
"836828313",98
"830296473",99
"836211875",100
